{"stats":{"minecraft:custom":{"minecraft:open_chest":2,"minecraft:time_since_rest":22855,"minecraft:blood":0,"minecraft:magic_shield":0,"minecraft:play_time":22855,"minecraft:sprint_one_cm":24351,"minecraft:damage_taken":20,"minecraft:walk_one_cm":14223,"minecraft:sneak_time":21,"minecraft:dexterity":5,"minecraft:jump":53,"minecraft:intelligence":11,"minecraft:energy":100,"minecraft:damage_dealt":14,"minecraft:leave_game":2,"minecraft:health":100,"minecraft:move_speed":0,"minecraft:time_since_death":22855,"minecraft:strength":6,"minecraft:total_world_time":22855,"minecraft:interact_with_crafting_table":4,"minecraft:fly_one_cm":7886,"minecraft:fall_one_cm":1589,"minecraft:mana":160},"minecraft:crafted":{"minecraft:chest":1,"minecraft:oak_planks":40,"minecraft:crafting_table":2,"minecraft:stick":8,"minecraft:wooden_pickaxe":1,"minecraft:wooden_axe":1},"minecraft:picked_up":{"minecraft:apple":1,"minecraft:oak_log":10,"minecraft:oak_sapling":3},"minecraft:used":{"minecraft:wooden_axe":7,"minecraft:crafting_table":2,"minecraft:chest":1,"minecraft:wooden_pickaxe":1,"minecraft:iron_sword":1},"minecraft:mined":{"minecraft:grass":3,"minecraft:oak_log":10,"minecraft:oak_leaves":1}},"DataVersion":3465}