{"stats":{"minecraft:used":{"minecraft:iron_sword":4},"minecraft:custom":{"minecraft:time_since_rest":10809,"minecraft:blood":0,"minecraft:magic_shield":0,"minecraft:crouch_one_cm":119,"minecraft:damage_absorbed":41,"minecraft:play_time":10809,"minecraft:sprint_one_cm":3025,"minecraft:damage_taken":118,"minecraft:walk_one_cm":21531,"minecraft:sneak_time":52,"minecraft:mob_kills":1,"minecraft:dexterity":6,"minecraft:jump":22,"minecraft:intelligence":7,"minecraft:energy":110,"minecraft:damage_dealt":170,"minecraft:leave_game":2,"minecraft:health":115,"minecraft:time_since_death":10809,"minecraft:move_speed":0,"minecraft:strength":9,"minecraft:total_world_time":10809,"minecraft:mana":120,"minecraft:talked_to_villager":1,"minecraft:fall_one_cm":209,"minecraft:fly_one_cm":1162},"minecraft:picked_up":{"minecraft:birch_log":5,"minecraft:stick":2,"minecraft:arrow":2,"minecraft:bone":2,"minecraft:birch_sapling":3},"minecraft:mined":{"minecraft:birch_log":5},"minecraft:killed":{"minecraft:skeleton":1}},"DataVersion":3465}