{"stats":{"minecraft:crafted":{"minecraft:wooden_sword":1,"minecraft:oak_slab":12,"minecraft:oak_planks":60,"minecraft:barrel":6,"minecraft:crafting_table":1,"minecraft:wooden_pickaxe":1,"minecraft:bread":21,"minecraft:stick":4,"minecraft:wooden_axe":2,"minecraft:wheat":9},"minecraft:broken":{"minecraft:wooden_sword":1,"minecraft:wooden_axe":1},"minecraft:used":{"minecraft:wheat_seeds":93,"minecraft:wooden_pickaxe":1,"minecraft:dirt":11,"minecraft:crafting_table":3,"minecraft:oak_log":1,"minecraft:wooden_axe":135,"minecraft:apple":6,"minecraft:bread":6,"minecraft:wooden_sword":54,"minecraft:fishing_rod":23,"minecraft:oak_sapling":31},"minecraft:killed_by":{"minecraft:player":1,"mokels_adventure:cultist":1},"minecraft:dropped":{"farmersdelight:iron_knife":1,"minecraft:oak_planks":11,"minecraft:elytra":1,"minecraft:stick":2,"minecraft:tripwire_hook":1},"minecraft:killed":{"enemyexpansion:sprinter":2,"minecraft:skeleton":1,"minecraft:zombie":2,"minecraft:drowned":1,"mokels_adventure:cultist":3},"minecraft:mined":{"minecraft:crafting_table":2,"minecraft:grass_block":1,"minecraft:hay_block":1,"minecraft:birch_log":37,"minecraft:wheat":42,"minecraft:grass":2,"minecraft:oak_log":80,"minecraft:dirt":7,"minecraft:oak_leaves":12},"minecraft:custom":{"minecraft:interact_with_furnace":4,"minecraft:mob_kills":9,"minecraft:animals_bred":3,"minecraft:interact_with_crafting_table":8,"minecraft:leave_game":1,"minecraft:time_since_death":39117,"minecraft:sleep_in_bed":2,"minecraft:climb_one_cm":645,"minecraft:time_since_rest":5899,"minecraft:sprint_one_cm":159496,"minecraft:damage_taken":900,"minecraft:walk_one_cm":236774,"minecraft:drop":16,"minecraft:damage_dealt":2368,"minecraft:swim_one_cm":16337,"minecraft:talked_to_villager":4,"minecraft:fly_one_cm":57194,"minecraft:open_chest":9,"minecraft:crouch_one_cm":43,"minecraft:play_time":58014,"minecraft:sneak_time":53,"minecraft:deaths":2,"minecraft:walk_under_water_one_cm":7219,"minecraft:aviate_one_cm":7116,"minecraft:jump":385,"minecraft:walk_on_water_one_cm":15031,"minecraft:total_world_time":58014,"minecraft:fish_caught":16,"minecraft:fall_one_cm":6109,"minecraft:horse_one_cm":28142},"minecraft:picked_up":{"minecraft:birch_log":37,"minecraft:crafting_table":2,"minecraft:wheat":75,"minecraft:tripwire_hook":1,"minecraft:salmon":3,"minecraft:enchanted_book":1,"minecraft:flint":1,"minecraft:oak_log":80,"minecraft:dirt":4,"minecraft:wooden_sword":1,"minecraft:pufferfish":2,"minecraft:bone":1,"minecraft:apple":6,"minecraft:wheat_seeds":240,"minecraft:iron_ingot":2,"minecraft:iron_nugget":2,"minecraft:birch_sapling":14,"minecraft:ghast_tear":3,"minecraft:stick":30,"roost:grub":2,"minecraft:arrow":1,"minecraft:rotten_flesh":2,"minecraft:hay_block":1,"minecraft:saddle":1,"minecraft:gold_ingot":2,"minecraft:bread":3,"minecraft:oak_sapling":31,"minecraft:coal":5,"minecraft:cod":11}},"DataVersion":3465}