{"stats":{"minecraft:custom":{"minecraft:interact_with_furnace":21,"minecraft:mob_kills":66,"minecraft:interact_with_crafting_table":15,"minecraft:open_barrel":9,"minecraft:damage_dealt_resisted":867,"minecraft:leave_game":1,"minecraft:time_since_death":24193,"minecraft:sleep_in_bed":1,"minecraft:climb_one_cm":7522,"minecraft:time_since_rest":24236,"minecraft:sprint_one_cm":524673,"minecraft:damage_taken":3325,"minecraft:walk_one_cm":490182,"minecraft:drop":19,"minecraft:damage_dealt":8553,"minecraft:swim_one_cm":44274,"minecraft:damage_dealt_absorbed":33,"minecraft:talked_to_villager":4,"minecraft:fly_one_cm":426904,"minecraft:open_chest":31,"minecraft:crouch_one_cm":4364,"minecraft:play_time":121976,"minecraft:deaths":2,"minecraft:sneak_time":3765,"minecraft:walk_under_water_one_cm":25469,"minecraft:jump":2265,"minecraft:interact_with_brewingstand":2,"minecraft:walk_on_water_one_cm":13830,"minecraft:total_world_time":121976,"minecraft:fall_one_cm":52764},"minecraft:mined":{"minecraft:red_carpet":2,"minecraft:jack_o_lantern":1,"minecraft:oak_fence":66,"minecraft:crafting_table":2,"minecraft:torch":5,"minecraft:granite":10,"minecraft:grass_block":2,"minecraft:copper_ore":20,"minecraft:cobblestone":6,"minecraft:sugar_cane":1,"minecraft:diorite":11,"minecraft:wall_torch":1,"minecraft:fire":15,"minecraft:iron_ore":64,"minecraft:sweet_berry_bush":1,"minecraft:lilac":2,"minecraft:white_carpet":1,"minecraft:spruce_log":1,"minecraft:andesite":56,"biomesoplenty:fir_log":6,"minecraft:wither_rose":1,"minecraft:grass":4,"minecraft:coal_ore":142,"minecraft:oak_log":2,"minecraft:dirt":8,"minecraft:cobweb":64,"biomesoplenty:fir_sapling":4,"minecraft:stone":569,"minecraft:fern":1,"minecraft:tripwire":1},"minecraft:picked_up":{"epicsamurai:kitsune_hide":2,"minecraft:crafting_table":2,"magistuarmory:rustedhalfarmor_chestplate":1,"minecraft:lilac":6,"magistuarmory:rustedchainmail_boots":1,"minecraft:andesite":55,"minecraft:wither_rose":2,"biomesoplenty:fir_sapling":107,"biomesoplenty:fir_log":506,"minecraft:oak_log":2,"minecraft:gunpowder":8,"magistuarmory:stone_estoc":1,"minecraft:dirt":11,"minecraft:string":76,"minecraft:raw_copper":70,"minecraft:white_carpet":1,"minecraft:red_carpet":2,"minecraft:bone":5,"bountiful:bounty":1,"minecraft:wheat_seeds":2,"minecraft:rabbit_hide":1,"minecraft:rabbit":2,"minecraft:sugar_cane":2,"minecraft:egg":1,"minecraft:golden_helmet":1,"minecraft:stick":101,"minecraft:raw_iron":64,"minecraft:cooked_porkchop":3,"minecraft:sweet_berries":23,"minecraft:oak_fence":64,"minecraft:torch":8,"minecraft:porkchop":12,"minecraft:ink_sac":3,"minecraft:diorite":11,"minecraft:spider_eye":4,"minecraft:arrow":3,"minecraft:rotten_flesh":20,"magistuarmory:rusted_bastardsword":1,"minecraft:granite":1,"minecraft:baked_potato":4,"minecraft:jack_o_lantern":2,"minecraft:snowball":31,"minecraft:coal":142,"minecraft:rail":3,"minecraft:cobblestone":503},"minecraft:dropped":{"minecraft:bread":1,"minecraft:wheat_seeds":1,"epicsamurai:kitsune_hide":2,"minecraft:cooked_porkchop":3,"minecraft:oak_fence":64,"minecraft:cobblestone":19,"minecraft:saddle":1,"minecraft:rail":3,"biomesoplenty:fir_sapling":59,"minecraft:dirt":1,"minecraft:cooked_salmon":5},"minecraft:broken":{"minecraft:stone_sword":1,"minecraft:stone_axe":2,"magistuarmory:stone_estoc":1},"minecraft:killed_by":{"minecraft:player":1,"minecraft:zombie":1},"minecraft:used":{"minecraft:jack_o_lantern":1,"minecraft:stone_sword":145,"minecraft:baked_potato":2,"minecraft:chest":4,"biomesoplenty:fir_planks":107,"vanillaplustools:stone_hammer":109,"minecraft:cooked_salmon":13,"minecraft:rotten_flesh":3,"minecraft:torch":132,"minecraft:dirt":9,"minecraft:white_carpet":1,"minecraft:crafting_table":2,"minecraft:granite":1,"minecraft:creeper_spawn_egg":3,"biomesoplenty:fir_sapling":48,"minecraft:bread":3,"minecraft:string":1,"minecraft:lilac":6,"minecraft:barrel":1,"minecraft:golden_helmet":1,"minecraft:bamboo":3,"minecraft:stone_axe":76,"minecraft:red_carpet":2,"minecraft:cobblestone":64,"minecraft:sweet_berries":46,"magistuarmory:stone_estoc":107,"minecraft:cooked_cod":14,"minecraft:cooked_porkchop":11,"minecraft:cooked_rabbit":2,"minecraft:andesite":30},"minecraft:killed":{"minecraft:cave_spider":6,"minecraft:pig":7,"minecraft:spider":2,"minecraft:rabbit":2,"epicsamurai:kitsune":1,"enemyexpansion:direwolf":9,"minecraft:creeper":7,"minecraft:skeleton":3,"enemyexpansion:meature":2,"minecraft:zombie":15,"enemyexpansion:vampire":1,"enemyexpansion:botfly":5,"enemyexpansion:wasp":1,"minecraft:enderman":1,"enemyexpansion:slugger":2},"minecraft:crafted":{"minecraft:smooth_stone":1,"minecraft:barrel":12,"vanillaplustools:stone_hammer":3,"minecraft:cooked_porkchop":12,"minecraft:crafting_table":1,"minecraft:cooked_salmon":4,"minecraft:stone_axe":4,"minecraft:air":0,"biomesoplenty:fir_planks":272,"biomesoplenty:fir_slab":42,"minecraft:stick":28,"minecraft:stone_pickaxe":27,"minecraft:chest":4,"minecraft:stone_sword":2,"minecraft:torch":124,"minecraft:cooked_rabbit":2}},"DataVersion":3465}