{"stats":{"minecraft:custom":{"minecraft:mob_kills":100,"minecraft:open_barrel":23,"minecraft:interact_with_crafting_table":64,"minecraft:bell_ring":50,"minecraft:leave_game":2,"minecraft:time_since_death":81882,"minecraft:climb_one_cm":13273,"minecraft:sprint_one_cm":803113,"minecraft:walk_one_cm":751560,"minecraft:drop":40,"minecraft:talked_to_villager":1,"minecraft:play_time":245251,"minecraft:deaths":9,"minecraft:sneak_time":8992,"minecraft:walk_under_water_one_cm":27021,"minecraft:jump":3625,"minecraft:interact_with_brewingstand":1,"minecraft:interact_with_blast_furnace":2,"minecraft:walk_on_water_one_cm":11631,"minecraft:total_world_time":245251,"minecraft:interact_with_furnace":43,"minecraft:sleep_in_bed":5,"minecraft:time_since_rest":2512,"minecraft:damage_taken":6229,"minecraft:minecart_one_cm":176,"minecraft:damage_dealt":19568,"minecraft:swim_one_cm":40318,"minecraft:fly_one_cm":803890,"minecraft:player_kills":1,"minecraft:open_chest":86,"minecraft:crouch_one_cm":16985,"minecraft:fall_one_cm":81303},"minecraft:mined":{"minecraft:spruce_planks":1,"minecraft:oak_door":1,"minecraft:jack_o_lantern":1,"minecraft:granite":8,"minecraft:ladder":2,"minecraft:grass_block":133,"biomesoplenty:dead_grass":5,"minecraft:composter":4,"minecraft:large_fern":37,"dynamictrees:oak_leaves":4,"minecraft:furnace":1,"minecraft:iron_ore":8,"biomesoplenty:violet":1,"dynamictrees:spruce_leaves":5,"minecraft:gold_block":1,"minecraft:bell":2,"minecraft:potatoes":23,"minecraft:rail":97,"minecraft:stone":1082,"minecraft:powder_snow":77,"minecraft:dandelion":1,"minecraft:torch":20,"minecraft:poppy":1,"minecraft:rose_bush":1,"minecraft:cobblestone":22,"minecraft:copper_ore":13,"biomesoplenty:sprout":1,"minecraft:blue_bed":12,"minecraft:wall_torch":8,"minecraft:purple_bed":4,"minecraft:sweet_berry_bush":2,"minecraft:lilac":1,"minecraft:spruce_log":1,"biomesoplenty:maple_leaves":2,"minecraft:wither_rose":16,"minecraft:grass":94,"minecraft:coal_ore":144,"minecraft:oak_log":6,"biomesoplenty:fir_leaves":1,"minecraft:sand":524,"minecraft:dirt":461,"minecraft:cobweb":12,"minecraft:stonecutter":1,"minecraft:oak_leaves":7,"minecraft:fern":98},"minecraft:picked_up":{"minecraft:chicken":6,"minecraft:ladder":2,"minecraft:brown_mushroom":1,"dynamictrees:spruce_seed":3,"minecraft:gold_block":1,"enemyexpansion:wasp_thorax":1,"minecraft:wither_rose":15,"biomesoplenty:violet":1,"minecraft:string":11,"minecraft:raw_copper":47,"minecraft:cooked_salmon":10,"minecraft:spruce_planks":1,"minecraft:rose_bush":2,"dynamictrees:oak_seed":9,"minecraft:poppy":20,"minecraft:minecart":4,"minecraft:furnace":1,"minecraft:egg":2,"minecraft:raw_iron":8,"minecraft:stick":103,"minecraft:oak_door":1,"minecraft:composter":4,"minecraft:oak_fence":64,"minecraft:torch":27,"magistuarmory:rustedbarbute":1,"minecraft:porkchop":15,"minecraft:arrow":9,"minecraft:rotten_flesh":35,"minecraft:pumpkin_pie":1,"minecraft:saddle":1,"minecraft:mutton":8,"minecraft:rail":98,"minecraft:white_wool":13,"minecraft:cobblestone":1038,"epicsamurai:kitsune_hide":1,"minecraft:birch_log":4,"magistuarmory:rustedhalfarmor_chestplate":1,"minecraft:feather":6,"minecraft:lilac":2,"magistuarmory:rustedchainmail_boots":1,"minecraft:salmon":13,"minecraft:potato":95,"biomesoplenty:fir_sapling":67,"biomesoplenty:fir_log":371,"minecraft:oak_log":54,"minecraft:gunpowder":7,"minecraft:blue_bed":12,"minecraft:dirt":623,"biomesoplenty:snowblossom_sapling":1,"minecraft:bone":7,"minecraft:apple":2,"minecraft:stonecutter":1,"minecraft:wheat_seeds":36,"minecraft:bell":2,"minecraft:iron_ingot":55,"dynamictrees:birch_seed":3,"minecraft:cooked_porkchop":3,"bountiful:decree":1,"minecraft:sweet_berries":49,"minecraft:dandelion":2,"minecraft:sand":531,"minecraft:poisonous_potato":1,"minecraft:spruce_sapling":3,"minecraft:ink_sac":3,"minecraft:spruce_log":26,"epicsamurai:straw_hat":1,"biomesoplenty:maple_sapling":9,"minecraft:purple_bed":4,"magistuarmory:rusted_bastardsword":1,"magistuarmory:corruptedroundshield":1,"minecraft:granite":11,"vanillaplustools:stone_hammer":1,"minecraft:bread":1,"minecraft:jack_o_lantern":1,"minecraft:oak_sapling":1,"minecraft:coal":150,"minecraft:sunflower":1},"minecraft:dropped":{"minecraft:baked_potato":4,"minecraft:cooked_porkchop":3,"minecraft:torch":1,"magistuarmory:rusted_bastardsword":1,"minecraft:jack_o_lantern":1,"minecraft:pumpkin_pie":1,"minecraft:sand":64,"magistuarmory:stone_estoc":1,"minecraft:string":1,"bountiful:bounty":1,"magistuarmory:rustedhalfarmor_chestplate":1,"minecraft:rotten_flesh":3,"minecraft:potato":18,"minecraft:spruce_trapdoor":1,"vanillaplustools:stone_hammer":1,"magistuarmory:rustedchainmail_boots":1},"minecraft:killed_by":{"minecraft:creeper":1,"minecraft:enderman":1,"minecraft:iron_golem":2,"enemyexpansion:slugger":1,"enemyexpansion:vampire":1,"minecraft:skeleton":2,"enemyexpansion:wasp":1},"minecraft:broken":{"minecraft:iron_shovel":3,"minecraft:wooden_pickaxe":1,"minecraft:stone_pickaxe":8,"minecraft:stone_axe":2,"minecraft:iron_pickaxe":1,"minecraft:stone_shovel":2},"minecraft:used":{"minecraft:oak_trapdoor":2,"minecraft:stone_sword":55,"minecraft:iron_shovel":751,"minecraft:stone_shovel":432,"minecraft:ladder":16,"minecraft:chest":3,"minecraft:spruce_planks":1,"vanillaplustools:stone_hammer":1,"minecraft:bell":2,"minecraft:cooked_salmon":16,"minecraft:stone_hoe":294,"minecraft:oak_door":1,"minecraft:torch":90,"minecraft:dirt":147,"minecraft:spruce_boat":1,"minecraft:iron_axe":27,"minecraft:barrel":2,"minecraft:sweet_berries":9,"magistuarmory:stone_estoc":83,"minecraft:furnace":3,"minecraft:minecart":4,"minecraft:potato":44,"biomesoplenty:violet":1,"magistuarmory:iron_shortsword":30,"minecraft:water_bucket":5,"minecraft:stone_pickaxe":1062,"minecraft:baked_potato":24,"minecraft:wooden_pickaxe":59,"minecraft:composter":6,"minecraft:blue_bed":12,"minecraft:cobblestone_slab":23,"minecraft:rail":162,"minecraft:crafting_table":5,"minecraft:blast_furnace":1,"minecraft:creeper_spawn_egg":3,"minecraft:bread":21,"minecraft:iron_pickaxe":250,"minecraft:spruce_trapdoor":7,"minecraft:stone_axe":8,"minecraft:cobblestone":267,"minecraft:purple_bed":4,"minecraft:cooked_porkchop":11,"minecraft:bucket":5,"magistuarmory:iron_guisarme":189,"minecraft:pumpkin_pie":2,"minecraft:bone_meal":6},"minecraft:killed":{"epicsamurai:kawauso":2,"minecraft:spider":2,"enemyexpansion:direwolf":11,"minecraft:skeleton":5,"minecraft:chicken":7,"minecraft:pig":9,"minecraft:zombie_villager":1,"minecraft:salmon":17,"minecraft:iron_golem":13,"enemyexpansion:sprinter":1,"minecraft:creeper":4,"minecraft:sheep":4,"enemyexpansion:meature":1,"minecraft:zombie":20,"enemyexpansion:vampire":1,"enemyexpansion:wasp":1},"minecraft:crafted":{"minecraft:oak_door":3,"minecraft:smooth_stone":2,"minecraft:oak_planks":72,"minecraft:cobblestone_slab":36,"minecraft:stone_shovel":7,"minecraft:barrel":8,"vanillaplustools:stone_hammer":1,"magistuarmory:stone_shortsword":2,"epicsamurai:iron_samurai_leggings_light":1,"minecraft:cooked_chicken":1,"epicsamurai:iron_samurai_chestplate":1,"minecraft:furnace":3,"minecraft:blast_furnace":1,"minecraft:stone":3,"minecraft:bone_meal":9,"epicsamurai:iron_samurai_boots_light":1,"magistuarmory:iron_shortsword":1,"minecraft:oak_trapdoor":2,"magistuarmory:hilt":6,"minecraft:iron_axe":1,"minecraft:ladder":15,"biomesoplenty:fir_slab":30,"magistuarmory:steel_ingot":36,"minecraft:spruce_slab":42,"minecraft:stone_pickaxe":18,"minecraft:chest":3,"minecraft:spruce_boat":1,"minecraft:rail":64,"magistuarmory:pole":1,"minecraft:stone_hoe":1,"magistuarmory:stone_estoc":2,"minecraft:minecart":1,"minecraft:cooked_porkchop":11,"minecraft:crafting_table":5,"minecraft:spruce_planks":72,"minecraft:baked_potato":28,"minecraft:wooden_pickaxe":1,"minecraft:spruce_door":3,"minecraft:cooked_salmon":8,"minecraft:bucket":1,"minecraft:stone_axe":2,"minecraft:air":0,"biomesoplenty:fir_planks":62,"magistuarmory:iron_guisarme":1,"minecraft:spruce_trapdoor":8,"minecraft:iron_chestplate":1,"minecraft:charcoal":2,"minecraft:stick":40,"minecraft:iron_ingot":72,"minecraft:iron_pickaxe":1,"minecraft:stone_sword":1,"minecraft:iron_shovel":3,"minecraft:composter":6,"minecraft:torch":64,"minecraft:shears":1,"magistuarmory:leather_strip":6}},"DataVersion":3465}