{"stats":{"minecraft:used":{"minecraft:birch_sapling":1},"minecraft:custom":{"minecraft:open_chest":1,"minecraft:time_since_rest":2421,"minecraft:blood":0,"minecraft:magic_shield":0,"minecraft:play_time":3604,"minecraft:sprint_one_cm":9542,"minecraft:damage_taken":30,"minecraft:walk_one_cm":8477,"minecraft:dexterity":0,"minecraft:jump":34,"minecraft:intelligence":0,"minecraft:energy":50,"minecraft:leave_game":1,"minecraft:health":70,"minecraft:time_since_death":3604,"minecraft:move_speed":0,"minecraft:strength":0,"minecraft:sleep_in_bed":1,"minecraft:total_world_time":3604,"minecraft:mana":50,"minecraft:interact_with_crafting_table":1,"minecraft:fall_one_cm":569,"minecraft:fly_one_cm":3882},"minecraft:picked_up":{"minecraft:birch_sapling":1,"minecraft:egg":1}},"DataVersion":3465}