{"stats":{"minecraft:used":{"minecraft:oak_trapdoor":2,"minecraft:water_bucket":3,"minecraft:stone_sword":55,"minecraft:iron_shovel":33,"minecraft:stone_shovel":313,"minecraft:stone_pickaxe":1049,"minecraft:ladder":13,"minecraft:chest":2,"minecraft:wooden_pickaxe":59,"minecraft:composter":6,"minecraft:stone_hoe":80,"minecraft:bell":1,"minecraft:blue_bed":6,"minecraft:cooked_salmon":8,"minecraft:oak_door":1,"minecraft:torch":26,"minecraft:dirt":92,"minecraft:crafting_table":4,"minecraft:iron_axe":11,"minecraft:bread":13,"minecraft:spruce_trapdoor":7,"minecraft:stone_axe":8,"minecraft:cobblestone":125,"minecraft:purple_bed":2,"minecraft:furnace":2,"minecraft:bucket":3,"magistuarmory:iron_guisarme":61,"minecraft:pumpkin_pie":2,"minecraft:potato":9,"magistuarmory:iron_shortsword":30},"minecraft:broken":{"minecraft:stone_pickaxe":8,"minecraft:stone_axe":2,"minecraft:stone_shovel":2,"minecraft:wooden_pickaxe":1},"minecraft:killed_by":{"minecraft:skeleton":2,"minecraft:creeper":1,"minecraft:iron_golem":2},"minecraft:custom":{"minecraft:interact_with_furnace":11,"minecraft:mob_kills":27,"minecraft:interact_with_crafting_table":37,"minecraft:bell_ring":33,"minecraft:leave_game":1,"minecraft:time_since_death":2110,"minecraft:sleep_in_bed":4,"minecraft:climb_one_cm":4437,"minecraft:time_since_rest":2136,"minecraft:sprint_one_cm":240797,"minecraft:damage_taken":2527,"minecraft:walk_one_cm":271746,"minecraft:drop":1,"minecraft:damage_dealt":7888,"minecraft:swim_one_cm":34291,"minecraft:fly_one_cm":213977,"minecraft:open_chest":21,"minecraft:crouch_one_cm":9025,"minecraft:play_time":89839,"minecraft:deaths":5,"minecraft:sneak_time":4884,"minecraft:walk_under_water_one_cm":18981,"minecraft:jump":1134,"minecraft:walk_on_water_one_cm":2889,"minecraft:total_world_time":89839,"minecraft:fall_one_cm":29003},"minecraft:killed":{"epicsamurai:kawauso":1,"minecraft:salmon":13,"minecraft:iron_golem":6,"enemyexpansion:sprinter":1,"enemyexpansion:direwolf":2,"minecraft:skeleton":2,"minecraft:zombie":2},"minecraft:mined":{"minecraft:oak_door":1,"minecraft:torch":7,"minecraft:ladder":2,"minecraft:grass_block":111,"minecraft:poppy":1,"minecraft:copper_ore":13,"biomesoplenty:sprout":1,"minecraft:composter":4,"minecraft:blue_bed":6,"minecraft:wall_torch":5,"minecraft:large_fern":1,"dynamictrees:oak_leaves":1,"minecraft:purple_bed":2,"minecraft:iron_ore":8,"minecraft:lilac":1,"biomesoplenty:violet":1,"dynamictrees:spruce_leaves":1,"minecraft:bell":1,"minecraft:grass":13,"minecraft:oak_log":6,"minecraft:coal_ore":67,"minecraft:dirt":246,"minecraft:stonecutter":1,"minecraft:stone":1016,"minecraft:oak_leaves":1,"minecraft:fern":14},"minecraft:dropped":{"minecraft:pumpkin_pie":1},"minecraft:crafted":{"minecraft:oak_door":3,"minecraft:oak_planks":72,"minecraft:stone_shovel":3,"minecraft:crafting_table":4,"minecraft:spruce_planks":52,"minecraft:wooden_pickaxe":1,"minecraft:furnace":2,"minecraft:cooked_salmon":8,"minecraft:bucket":1,"minecraft:stone_axe":2,"magistuarmory:iron_shortsword":1,"minecraft:air":0,"minecraft:oak_trapdoor":2,"magistuarmory:hilt":6,"magistuarmory:iron_guisarme":1,"minecraft:spruce_trapdoor":8,"minecraft:iron_chestplate":1,"minecraft:charcoal":2,"minecraft:iron_axe":1,"minecraft:ladder":15,"minecraft:spruce_slab":42,"minecraft:stick":32,"minecraft:iron_ingot":8,"minecraft:stone_pickaxe":8,"minecraft:stone_sword":1,"minecraft:chest":3,"minecraft:iron_shovel":1,"magistuarmory:pole":1,"minecraft:composter":6,"minecraft:torch":64,"minecraft:stone_hoe":1,"magistuarmory:leather_strip":6},"minecraft:picked_up":{"minecraft:birch_log":4,"minecraft:lilac":2,"minecraft:ladder":2,"minecraft:salmon":12,"dynamictrees:spruce_seed":3,"biomesoplenty:violet":1,"biomesoplenty:fir_log":235,"biomesoplenty:fir_sapling":44,"minecraft:oak_log":18,"minecraft:dirt":387,"minecraft:blue_bed":6,"minecraft:raw_copper":47,"minecraft:bone":3,"minecraft:stonecutter":1,"minecraft:wheat_seeds":9,"minecraft:bell":1,"minecraft:iron_ingot":25,"dynamictrees:birch_seed":3,"minecraft:poppy":8,"minecraft:stick":60,"minecraft:raw_iron":8,"minecraft:oak_door":1,"minecraft:composter":4,"magistuarmory:rustedbarbute":1,"minecraft:torch":9,"minecraft:dandelion":1,"minecraft:spruce_sapling":3,"minecraft:spruce_log":21,"epicsamurai:straw_hat":1,"biomesoplenty:maple_sapling":4,"minecraft:arrow":4,"minecraft:purple_bed":2,"minecraft:rotten_flesh":3,"minecraft:pumpkin_pie":1,"minecraft:coal":67,"minecraft:cobblestone":952,"minecraft:sunflower":1}},"DataVersion":3465}