{"stats":{"minecraft:picked_up":{"mokels_adventure:demonic_rune":1,"minecraft:gunpowder":1,"mokels_adventure:terrorcore":1,"enemyexpansion:meathead_helmet":1,"minecraft:string":2,"mokels_adventure:mandibles":1,"minecraft:arrow":4,"minecraft:bone":6,"minecraft:rotten_flesh":3,"minecraft:bow":1,"minecraft:soul_lantern":1,"minecraft:ender_pearl":2},"minecraft:killed":{"mokels_adventure:guardian_of_the_first_flame":1,"mokels_adventure:knight":2,"minecraft:skeleton":2,"enemyexpansion:meature":2,"minecraft:zombie":3,"mokels_adventure:mana_sentinel":1,"enemyexpansion:huntsman":1,"minecraft:spider":1,"enemyexpansion:sprinter":1,"mokels_adventure:hammerhead_ant":1,"enemyexpansion:direwolf":1,"minecraft:creeper":1,"minecraft:enderman":2,"enemyexpansion:slugger":1},"minecraft:custom":{"minecraft:time_since_rest":21071,"minecraft:sprint_one_cm":23178,"minecraft:walk_one_cm":39537,"minecraft:mob_kills":21,"minecraft:damage_dealt":9559,"minecraft:fly_one_cm":202325,"minecraft:open_chest":4,"minecraft:crouch_one_cm":22,"minecraft:play_time":48136,"minecraft:deaths":1,"minecraft:sneak_time":4,"minecraft:walk_under_water_one_cm":1806,"minecraft:jump":97,"minecraft:damage_dealt_resisted":75,"minecraft:leave_game":1,"minecraft:walk_on_water_one_cm":723,"minecraft:time_since_death":21042,"minecraft:total_world_time":48136},"minecraft:used":{"rpgsmw:stone_greatsword":5,"mokels_adventure:knight_spawn_egg":1,"minecraft:netherite_sword":3,"roost:illager_glaive":3,"theabyss:incorythe_sword":6,"mokels_adventure:fox_claw_dagger":17,"rpgsmw:netherite_knife":12,"mokels_adventure:guardian_of_the_first_flame_spawn_egg":1,"mokels_adventure:arctic_scythe":8,"minecraft:bee_spawn_egg":6,"minecraft:wooden_sword":24,"theabyss:aberythe_sword":4,"mokels_adventure:mana_sentinel_spawn_egg":1,"theabyss:abyss_sword":21,"minecraft:bee_nest":1,"mokels_adventure:demonic_scythe":4,"theabyss:incorythe_sword_mkii":7}},"DataVersion":3465}