{"stats":{"minecraft:custom":{"minecraft:interact_with_smithing_table":2,"minecraft:interact_with_furnace":3,"minecraft:mob_kills":19,"minecraft:traded_with_villager":689,"minecraft:interact_with_crafting_table":16,"minecraft:interact_with_campfire":4,"minecraft:bell_ring":16,"minecraft:leave_game":1,"minecraft:time_since_death":39694,"minecraft:sleep_in_bed":7,"minecraft:climb_one_cm":2552,"minecraft:time_since_rest":27,"minecraft:sprint_one_cm":198522,"minecraft:damage_taken":628,"minecraft:walk_one_cm":179489,"minecraft:drop":7,"minecraft:damage_dealt":2721,"minecraft:swim_one_cm":6562,"minecraft:talked_to_villager":83,"minecraft:fly_one_cm":128130,"minecraft:open_chest":65,"minecraft:crouch_one_cm":684,"minecraft:deaths":1,"minecraft:play_time":81326,"minecraft:sneak_time":1618,"minecraft:walk_under_water_one_cm":2616,"minecraft:jump":648,"minecraft:interact_with_blast_furnace":1,"minecraft:walk_on_water_one_cm":6920,"minecraft:total_world_time":81326,"minecraft:fall_one_cm":14097},"minecraft:mined":{"minecraft:smithing_table":1,"minecraft:spruce_planks":4,"minecraft:crafting_table":3,"minecraft:spruce_trapdoor":6,"minecraft:ladder":1,"minecraft:blast_furnace":1,"minecraft:grass_block":132,"minecraft:spruce_fence":3,"minecraft:chest":7,"minecraft:cobblestone":1,"biomesoplenty:sprout":21,"minecraft:composter":1,"minecraft:cartography_table":1,"minecraft:blue_bed":3,"minecraft:spruce_stairs":2,"minecraft:purple_bed":2,"minecraft:wheat":5,"minecraft:sweet_berry_bush":6,"minecraft:pumpkin":1,"minecraft:fletching_table":6,"minecraft:grass":33,"minecraft:bookshelf":4,"minecraft:oak_log":3,"minecraft:dirt_path":129,"minecraft:gravel":131,"minecraft:dirt":126,"biomesoplenty:fir_sapling":4,"minecraft:stone":62,"minecraft:oak_leaves":5,"minecraft:fern":6},"minecraft:picked_up":{"minecraft:crafting_table":4,"minecraft:wheat":5,"minecraft:ladder":1,"minecraft:smithing_table":1,"minecraft:leather":1,"minecraft:fern":1,"minecraft:potato":16,"biomesoplenty:fir_sapling":471,"biomesoplenty:fir_log":2444,"minecraft:flint":6,"minecraft:oak_log":3,"minecraft:dirt":386,"minecraft:blue_bed":3,"minecraft:armor_stand":1,"minecraft:iron_shovel":1,"minecraft:bone":2,"minecraft:wheat_seeds":18,"minecraft:cartography_table":1,"biomesoplenty:fir_planks":404,"minecraft:spruce_planks":4,"minecraft:iron_ingot":20,"minecraft:beef":2,"minecraft:poppy":4,"minecraft:fletching_table":6,"minecraft:chest":7,"minecraft:spruce_trapdoor":6,"minecraft:book":12,"minecraft:stick":284,"minecraft:pumpkin":1,"minecraft:sweet_berries":52,"minecraft:composter":1,"minecraft:spruce_stairs":2,"minecraft:gravel":125,"minecraft:spruce_fence":3,"minecraft:porkchop":12,"minecraft:spruce_sapling":1,"minecraft:blast_furnace":1,"minecraft:spruce_log":16,"minecraft:arrow":1,"minecraft:pumpkin_seeds":7,"minecraft:purple_bed":2,"minecraft:rotten_flesh":2,"minecraft:emerald":16,"minecraft:spruce_sign":1,"minecraft:bread":12,"minecraft:oak_sapling":4,"minecraft:mutton":4,"minecraft:white_wool":1,"minecraft:cobblestone":63},"minecraft:dropped":{"minecraft:crafting_table":1,"biomesoplenty:fir_planks":246,"minecraft:mutton":2},"minecraft:killed_by":{"minecraft:iron_golem":1},"minecraft:broken":{"minecraft:golden_sword":1,"minecraft:iron_shovel":1,"minecraft:stone_axe":11,"minecraft:stone_shovel":2,"minecraft:wooden_pickaxe":1},"minecraft:used":{"minecraft:wheat_seeds":5,"minecraft:iron_shovel":250,"minecraft:stone_pickaxe":16,"minecraft:stone_shovel":264,"minecraft:ladder":2,"minecraft:chest":10,"minecraft:wooden_pickaxe":59,"minecraft:fletching_table":9,"minecraft:blue_bed":3,"minecraft:torch":4,"minecraft:iron_chestplate":1,"minecraft:dirt":66,"minecraft:crafting_table":3,"minecraft:blast_furnace":1,"biomesoplenty:rose":1,"minecraft:bread":13,"minecraft:iron_helmet":1,"minecraft:stone_axe":77,"minecraft:golden_sword":32,"minecraft:cobblestone":7,"minecraft:bow":44,"minecraft:purple_bed":2,"minecraft:furnace":1,"minecraft:smithing_table":1,"minecraft:potato":2},"minecraft:killed":{"minecraft:pig":7,"minecraft:iron_golem":5,"minecraft:sheep":1,"minecraft:skeleton":1,"minecraft:zombie":1,"epicsamurai:komainu":1,"minecraft:enderman":1,"minecraft:cow":2},"minecraft:crafted":{"minecraft:oak_planks":12,"minecraft:stone_shovel":14,"minecraft:arrow":64,"minecraft:emerald":551,"minecraft:crafting_table":1,"minecraft:spruce_planks":32,"minecraft:wooden_pickaxe":1,"minecraft:furnace":1,"minecraft:fletching_table":3,"minecraft:stone_axe":42,"minecraft:air":0,"biomesoplenty:rose":1,"biomesoplenty:fir_planks":8924,"minecraft:diamond_helmet":1,"minecraft:diamond_leggings":1,"minecraft:iron_chestplate":21,"minecraft:bow":15,"minecraft:charcoal":59,"minecraft:shield":19,"minecraft:ladder":12,"minecraft:stick":17676,"minecraft:stone_pickaxe":1,"minecraft:diamond_boots":1,"minecraft:chest":8,"minecraft:iron_leggings":30,"minecraft:torch":24,"minecraft:diamond_chestplate":1}},"DataVersion":3465}