{"stats":{"minecraft:crafted":{"minecraft:cooked_beef":7,"minecraft:wooden_sword":1,"minecraft:oak_planks":24,"minecraft:wooden_shovel":1,"minecraft:crafting_table":2,"minecraft:wooden_pickaxe":1,"minecraft:bucket":2,"minecraft:bread":26,"minecraft:air":0,"minecraft:iron_hoe":1,"minecraft:stick":8,"minecraft:iron_pickaxe":1,"minecraft:wooden_axe":1,"minecraft:wheat":99},"minecraft:used":{"farmersdelight:iron_knife":87,"mokels_adventure:knight_spawn_egg":1,"minecraft:netherite_sword":3,"roost:illager_glaive":3,"theabyss:incorythe_sword":6,"minecraft:wooden_pickaxe":10,"minecraft:wooden_shovel":8,"rpgsmw:netherite_knife":12,"minecraft:salmon":2,"minecraft:bee_spawn_egg":6,"minecraft:dirt":1,"minecraft:crafting_table":2,"theabyss:aberythe_sword":4,"mokels_adventure:mana_sentinel_spawn_egg":1,"theabyss:abyss_sword":21,"minecraft:bee_nest":1,"mokels_adventure:demonic_scythe":4,"theabyss:incorythe_sword_mkii":7,"minecraft:iron_hoe":63,"minecraft:wooden_axe":67,"minecraft:bread":6,"mokels_adventure:fox_claw_dagger":17,"mokels_adventure:guardian_of_the_first_flame_spawn_egg":1,"mokels_adventure:arctic_scythe":8,"minecraft:wooden_sword":29,"minecraft:oak_sapling":1,"minecraft:bucket":2,"rpgsmw:stone_greatsword":5},"minecraft:killed_by":{"minecraft:skeleton":1,"minecraft:creeper":1,"enemyexpansion:direwolf":1,"mokels_adventure:cultist":1,"enemyexpansion:equestrian":1},"minecraft:dropped":{"minecraft:bread":3,"minecraft:wheat_seeds":41,"minecraft:wooden_sword":1},"minecraft:killed":{"mokels_adventure:guardian_of_the_first_flame":1,"minecraft:pig":1,"mokels_adventure:mana_sentinel":1,"minecraft:zombie_villager":1,"minecraft:salmon":2,"enemyexpansion:equestrian":1,"minecraft:spider":1,"enemyexpansion:sprinter":1,"enemyexpansion:direwolf":1,"minecraft:creeper":1,"mokels_adventure:knight":2,"minecraft:skeleton":2,"enemyexpansion:meature":2,"minecraft:zombie":4,"minecraft:chicken":2,"enemyexpansion:huntsman":1,"mokels_adventure:hammerhead_ant":1,"minecraft:enderman":2,"minecraft:cow":4,"enemyexpansion:slugger":1},"minecraft:mined":{"minecraft:grass_block":5,"minecraft:rose_bush":4,"minecraft:tall_grass":11,"roost:flatstoneblock":5,"minecraft:sugar_cane":2,"minecraft:hay_block":11,"minecraft:birch_log":6,"minecraft:wheat":51,"minecraft:grass":10,"minecraft:oak_log":57,"minecraft:dirt":4,"minecraft:oak_leaves":3},"minecraft:custom":{"minecraft:interact_with_furnace":12,"minecraft:mob_kills":33,"minecraft:animals_bred":2,"minecraft:interact_with_crafting_table":10,"minecraft:damage_dealt_resisted":75,"minecraft:leave_game":3,"minecraft:time_since_death":27195,"minecraft:sleep_in_bed":1,"minecraft:time_since_rest":9118,"minecraft:sprint_one_cm":225303,"minecraft:damage_taken":1928,"minecraft:walk_one_cm":201974,"minecraft:drop":5,"minecraft:damage_dealt":11928,"minecraft:player_kills":1,"minecraft:swim_one_cm":15505,"minecraft:talked_to_villager":2,"minecraft:fly_one_cm":300967,"minecraft:open_chest":23,"minecraft:crouch_one_cm":1127,"minecraft:play_time":99340,"minecraft:deaths":7,"minecraft:sneak_time":456,"minecraft:walk_under_water_one_cm":14537,"minecraft:aviate_one_cm":61480,"minecraft:jump":612,"minecraft:interact_with_blast_furnace":2,"minecraft:walk_on_water_one_cm":7817,"minecraft:total_world_time":99340,"minecraft:interact_with_smoker":1,"minecraft:fall_one_cm":10149,"minecraft:horse_one_cm":281914},"minecraft:picked_up":{"minecraft:birch_log":6,"minecraft:wheat":18,"minecraft:feather":4,"minecraft:chicken":2,"mokels_adventure:demonic_rune":1,"minecraft:salmon":2,"minecraft:leather":10,"minecraft:oak_log":57,"minecraft:gunpowder":1,"mokels_adventure:terrorcore":1,"minecraft:dirt":12,"minecraft:string":3,"minecraft:elytra":1,"minecraft:bone":6,"farmersdelight:iron_knife":1,"minecraft:apple":3,"minecraft:bow":1,"minecraft:wheat_seeds":43,"minecraft:spruce_planks":1,"minecraft:beef":7,"minecraft:rose_bush":4,"minecraft:sugar_cane":3,"minecraft:oak_planks":11,"minecraft:stick":8,"minecraft:porkchop":1,"farmersdelight:ham":1,"enemyexpansion:meathead_helmet":1,"mokels_adventure:mandibles":1,"minecraft:polished_andesite":2,"minecraft:arrow":4,"minecraft:rotten_flesh":11,"minecraft:soul_lantern":1,"minecraft:hay_block":11,"minecraft:oak_sapling":22,"minecraft:ender_pearl":2}},"DataVersion":3465}