{
  "undergarden:undergarden/root": {
    "criteria": {
      "tick": "2024-05-21 05:01:05 +0000"
    },
    "done": true
  },
  "minecraft:recipes/decorations/crafting_table": {
    "criteria": {
      "unlock_right_away": "2024-05-21 05:01:05 +0000"
    },
    "done": true
  },
  "biomesoplenty:biomesoplenty/all_biomes": {
    "criteria": {
      "field": "2024-05-21 05:01:06 +0000"
    },
    "done": false
  },
  "biomesoplenty:biomesoplenty/root": {
    "criteria": {
      "field": "2024-05-21 05:01:06 +0000"
    },
    "done": true
  },
  "DataVersion": 3465
}