{
	"level_seeds": [
		{
			"dim": "minecraft:overworld",
			"seed": -1824352686253511068
		},
		{
			"dim": "twilightforest:twilight_forest",
			"seed": -1824352686253511068
		},
		{
			"dim": "undergarden:undergarden",
			"seed": -1824352686253511068
		},
		{
			"dim": "minecraft:the_nether",
			"seed": -1824352686253511068
		},
		{
			"dim": "theabyss:spectral_world",
			"seed": -1824352686253511068
		},
		{
			"dim": "theabyss:pocket_dimension",
			"seed": -1824352686253511068
		},
		{
			"dim": "theabyss:the_abyss",
			"seed": -1824352686253511068
		},
		{
			"dim": "minecraft:the_end",
			"seed": -1824352686253511068
		},
		{
			"dim": "theabyss:frost_world",
			"seed": -1824352686253511068
		}
	],
	"structure_seeds": [
		{
			"dim": "minecraft:overworld",
			"seed": -1824352686253511068
		},
		{
			"dim": "twilightforest:twilight_forest",
			"seed": -1824352686253511068
		},
		{
			"dim": "undergarden:undergarden",
			"seed": -1824352686253511068
		},
		{
			"dim": "minecraft:the_nether",
			"seed": -1824352686253511068
		},
		{
			"dim": "theabyss:spectral_world",
			"seed": -1824352686253511068
		},
		{
			"dim": "theabyss:pocket_dimension",
			"seed": -1824352686253511068
		},
		{
			"dim": "theabyss:the_abyss",
			"seed": -1824352686253511068
		},
		{
			"dim": "minecraft:the_end",
			"seed": -1824352686253511068
		},
		{
			"dim": "theabyss:frost_world",
			"seed": -1824352686253511068
		}
	]
}