{
	"level_seeds": [
		{
			"dim": "undergarden:undergarden",
			"seed": -3269719910406626828
		},
		{
			"dim": "minecraft:overworld",
			"seed": -3269719910406626828
		},
		{
			"dim": "minecraft:the_nether",
			"seed": -3269719910406626828
		},
		{
			"dim": "minecraft:the_end",
			"seed": -3269719910406626828
		},
		{
			"dim": "twilightforest:twilight_forest",
			"seed": -3269719910406626828
		}
	],
	"structure_seeds": [
		{
			"dim": "undergarden:undergarden",
			"seed": -3269719910406626828
		},
		{
			"dim": "minecraft:overworld",
			"seed": -3269719910406626828
		},
		{
			"dim": "minecraft:the_nether",
			"seed": -3269719910406626828
		},
		{
			"dim": "minecraft:the_end",
			"seed": -3269719910406626828
		},
		{
			"dim": "twilightforest:twilight_forest",
			"seed": -3269719910406626828
		}
	]
}