{
	"level_seeds": [
		{
			"dim": "theabyss:spectral_world",
			"seed": 6423228627281866481
		},
		{
			"dim": "minecraft:the_nether",
			"seed": 6423228627281866481
		},
		{
			"dim": "theabyss:the_abyss",
			"seed": 6423228627281866481
		},
		{
			"dim": "minecraft:the_end",
			"seed": 6423228627281866481
		},
		{
			"dim": "theabyss:frost_world",
			"seed": 6423228627281866481
		},
		{
			"dim": "twilightforest:twilight_forest",
			"seed": 6423228627281866481
		},
		{
			"dim": "theabyss:pocket_dimension",
			"seed": 6423228627281866481
		},
		{
			"dim": "minecraft:overworld",
			"seed": 6423228627281866481
		}
	],
	"structure_seeds": [
		{
			"dim": "theabyss:spectral_world",
			"seed": 6423228627281866481
		},
		{
			"dim": "minecraft:the_nether",
			"seed": 6423228627281866481
		},
		{
			"dim": "theabyss:the_abyss",
			"seed": 6423228627281866481
		},
		{
			"dim": "minecraft:the_end",
			"seed": 6423228627281866481
		},
		{
			"dim": "theabyss:frost_world",
			"seed": 6423228627281866481
		},
		{
			"dim": "twilightforest:twilight_forest",
			"seed": 6423228627281866481
		},
		{
			"dim": "theabyss:pocket_dimension",
			"seed": 6423228627281866481
		},
		{
			"dim": "minecraft:overworld",
			"seed": 6423228627281866481
		}
	]
}