{
	"level_seeds": [
		{
			"dim": "man:halucination",
			"seed": -5907144911757261432
		},
		{
			"dim": "minecraft:the_nether",
			"seed": -5907144911757261432
		},
		{
			"dim": "minecraft:overworld",
			"seed": -5907144911757261432
		},
		{
			"dim": "minecraft:the_end",
			"seed": -5907144911757261432
		},
		{
			"dim": "graveyard:past",
			"seed": -5907144911757261432
		}
	],
	"structure_seeds": [
		{
			"dim": "man:halucination",
			"seed": -5907144911757261432
		},
		{
			"dim": "minecraft:the_nether",
			"seed": -5907144911757261432
		},
		{
			"dim": "minecraft:overworld",
			"seed": -5907144911757261432
		},
		{
			"dim": "minecraft:the_end",
			"seed": -5907144911757261432
		},
		{
			"dim": "graveyard:past",
			"seed": -5907144911757261432
		}
	]
}